id,acquirer,name,country,date,price,category,
6,Microsoft,"Forethought, Inc.", United States,30-Jul-87,14000000,saas,
7,Apple,Network Innovations, United States,2-Mar-88,0,saas,
8,Apple,Orion Network Systems, United States,7-Jun-88,0,saas,
9,Apple,Styleware, United States,27-Jun-88,0,saas,
10,Apple,Nashoba Systems, United States,11-Jul-88,0,saas,
11,Apple,Coral Software, United States,3-Jan-89,0,saas,
12,Microsoft,Consumers Software, Canada,31-Mar-91,0,saas,
13,Microsoft,Fox Software, United States,29-Jun-92,0,saas,
14,Microsoft,SOFTIMAGE, Canada,28-Feb-94,0,saas,
15,Microsoft,Altamira Software, United States,27-Sep-94,0,saas,
16,Microsoft,NextBase, United Kingdom,1-Nov-94,0,saas,
17,Microsoft,One Tree Software, United States,15-Nov-94,0,saas,
18,Microsoft,RenderMorphics, United States,23-Feb-95,0,saas,
19,Microsoft,Network Managers, United Kingdom,10-Jul-95,0,saas,
20,Microsoft,The Blue Ribbon SoundWorks, United States,17-Oct-95,0,saas,
21,Microsoft,Netwise, United States,6-Nov-95,0,saas,
22,Microsoft,Bruce Artwick Organization, United States,12-Dec-95,0,saas,
23,Microsoft,Vermeer Technologies, United States,16-Jan-96,133000000,saas,
24,Microsoft,VGA-Animation Software Div, Germany,6-Mar-96,0,saas,
25,Microsoft,Colusa Software, United States,12-Mar-96,0,saas,
26,Microsoft,EXOS Inc., United States,16-Apr-96,0,hardware,
27,Microsoft,Aspect Software Engineering, United States,23-Apr-96,14150000,saas,
28,Microsoft,eShop Inc., United States,11-Jun-96,0,saas,
29,Microsoft,Electric Gravity, United States,17-Jun-96,0,media,
30,Microsoft,Panorama Software Sys-On-Line, Canada,1-Nov-96,0,saas,
31,Microsoft,NetCarta, United States,3-Feb-97,20000000,saas,
32,Apple,NeXT, United States,7-Feb-97,404000000,saas,
33,Microsoft,Interse, United States,3-Mar-97,0,saas,
34,Microsoft,WebTV Networks, United States,30-Apr-97,425000000,hardware,
35,Microsoft,Dimension X, United States,7-May-97,0,saas,
36,Microsoft,Cooper & Peters, United States,13-Jun-97,0,saas,
37,Microsoft,LinkAge Software, Canada,30-Jun-97,0,saas,
38,Microsoft,VXtreme, United States,5-Aug-97,0,media,
39,Apple,Power Computing Corporation, United States,2-Sep-97,110000000,hardware,
40,Microsoft,Hotmail, United States,31-Dec-97,500000000,social,
41,Microsoft,Flash Communications, United States,23-Feb-98,0,saas,
42,Microsoft,Firefly, United States,15-Apr-98,40000000,social,
43,Amazon,Bookpages, United Kingdom,27-Apr-98,0,content,
44,Amazon,Telebook, Germany,27-Apr-98,0,commerce,
45,Amazon,IMDb, United Kingdom,27-Apr-98,55000000,media,
46,Microsoft,MESA Group, United States,28-Apr-98,0,saas,
47,Amazon,PlanetAll, United States,4-Aug-98,0,social,
48,Amazon,Junglee, United States,4-Aug-98,250000000,commerce,
49,Microsoft,Valence Research, United States,25-Aug-98,0,saas,
50,Microsoft,LinkExchange, United States,6-Nov-98,265000000,analytics,
51,Amazon,MindCorps Incorporated, United States,1/1/99,0,analytics,
52,Apple,Xemplar Education, United Kingdom,8-Jan-99,4926000,saas,
53,Microsoft,FASA Interactive, United States,11-Jan-99,0,saas,
54,Microsoft,CompareNet, United States,4-Mar-99,0,analytics,
55,Microsoft,Numinous Technologies, United States,26-Mar-99,0,saas,
56,Amazon,LiveBid.com, United States,12-Apr-99,300000000,commerce,
57,Microsoft,Interactive Objects-Digital, United States,27-Apr-99,0,saas,
58,Amazon,e-Niche Incorporated, United States,27-Apr-99,0,saas,
59,Amazon,Alexa Internet, United States,27-Apr-99,250000000,saas,
60,Microsoft,Jump Networks, United States,30-Apr-99,0,content,
61,Amazon,Woot, United States,27-May-99,110000000,commerce,
62,Microsoft,ShadowFactor Software, United States,7-Jun-99,0,saas,
63,Microsoft,Omnibrowse, United States,15-Jun-99,0,saas,
64,Microsoft,Intrinsa, United States,28-Jun-99,58900000,saas,
65,Microsoft,Sendit, Sweden,1-Jul-99,125420000,saas,
66,Microsoft,Zoomit, Canada,7-Jul-99,0,saas,
67,Microsoft,STNC, United Kingdom,21-Jul-99,0,saas,
68,Microsoft,Softway Systems, United States,19-Sep-99,0,saas,
69,Amazon,Convergence Corporation, United States,4-Oct-99,23000000,hardware,
70,Microsoft,Entropic, United States,29-Oct-99,0,saas,
71,Apple,Raycer Graphics, United States,3-Nov-99,15000000,chips,
72,Amazon,Tool Crib of the North, United States,9-Nov-99,0,commerce,
73,Amazon,Back to Basics Toys, United States,30-Nov-99,0,commerce,
74,Amazon,Leep Technology Inc., United States,31-Dec-99,0,analytics,
75,Apple,SoundJam MP, United States,1/1/00,0,saas,
76,Microsoft,Visio Corporation, United States,7-Jan-00,1500000000,saas,
77,Apple,NetSelector, United States,7-Jan-00,0,saas,
78,Microsoft,Peach Networks, Israel,29-Feb-00,0,saas,
79,Apple,Astarte-DVD Authoring Software, Germany,11-Apr-00,0,saas,
80,Microsoft,Titus Communications, United States,12-Apr-00,944800000,saas,
81,Microsoft,Bungie Software, United States,19-Jun-00,0,saas,
82,Microsoft,NetGames, United States,12-Jul-00,0,media,
83,Microsoft,MongoMusic, United States,13-Sep-00,65000000,media,
84,Microsoft,Pacific Microsonics, United States,27-Sep-00,0,media,
85,Microsoft,Digital Anvil, United States,5-Dec-00,0,media,
86,Apple,Bluefish Labs, United States,1/1/01,0,saas,
87,Google,Dejavue, United States,12-Feb-01,0,social,
88,Microsoft,Great Plains Software, United States,5-Apr-01,939884000,saas,
89,Microsoft,Intellisol International, Canada,2-May-01,0,saas,
90,Microsoft,Ensemble Studios, United States,3-May-01,0,media,
91,Apple,bluebuzz, United States,11-May-01,0,saas,
92,Microsoft,NCompass Labs, Canada,31-May-01,36000000,saas,
93,Microsoft,Maximal Innovative Intelligence, Israel,21-Jun-01,20000000,analytics,
94,Microsoft,Yupi, United States,1-Jul-01,0,content,
95,Apple,Spruce Technologies, United States,9-Jul-01,14900000,saas,
96,Google,Outride, United States,20-Sep-01,0,saas,
97,Amazon,Egghead Software, United States,5-Dec-01,6100000,saas,
98,Apple,PowerSchool, United States,31-Dec-01,66100000,analytics,
99,Apple,Nothing Real, United States,1-Feb-02,15000000,saas,
100,Apple,Zayante, United States,4-Apr-02,13000000,chips,
101,Microsoft,Sales Management Systems, United States,22-May-02,0,analytics,
102,Apple,Silicon Grail Corp-Chalice, United States,11-Jun-02,20000000,saas,
103,Apple,Propel Software, United States,20-Jun-02,0,saas,
104,Apple,Prismo Graphics, United States,21-Jun-02,20000000,saas,
105,Apple,Emagic, Germany,1-Jul-02,30000000,saas,
106,Microsoft,Navision, Denmark,11-Jul-02,1400000000,saas,
107,Microsoft,Mobilocity, United States,29-Jul-02,0,saas,
108,Microsoft,XDegrees, United States,10-Sep-02,0,saas,
109,Microsoft,Rare, United Kingdom,24-Sep-02,375000000,media,
110,Microsoft,Vicinity, United States,13-Dec-02,95849000,saas,
111,Google,Pyra Labs, United States,Feb-03,0,content,
112,Microsoft,Connectix, United States,25-Feb-03,0,saas,
113,Microsoft,DCG, Australia,3-Mar-03,0,saas,
114,Google,Applied Semantics, United States,Apr-03,102000000,saas,
115,Google,Neotonic Software, United States,Apr-03,0,saas,
116,Microsoft,PlaceWare, United States,30-Apr-03,200000000,social,
117,Microsoft,GeCAD Software, Romania,10-Jun-03,0,security,
118,Microsoft,3DO Co-High Heat Baseball, United States,29-Aug-03,450000,media,
119,Google,Kaltix, United States,30-Sep-03,0,search,
120,Google,Sprinks, United States,Oct-03,0,commerce,
121,Google,Genius Labs, United States,Oct-03,0,saas,
122,Microsoft,Encore Business Solutions, United States,22-Apr-04,0,saas,
123,Microsoft,ActiveViews, United States,26-Apr-04,0,analytics,
124,Google,Ignite Logic, United States,10-May-04,0,content,
125,Google,Picasa, United States,13-Jul-04,0,content,
126,Microsoft,Lookout Software, United States,16-Jul-04,0,saas,
127,Amazon,Joyo.com, China,19-Aug-04,75000000,hardware,
128,Google,ZipDash, United States,Sep-04,0,saas,
129,Google,Where2, Australia,Oct-04,0,saas,
130,Google,Keyhole, United States,27-Oct-04,0,analytics,
131,Microsoft,GIANT Company Software, United States,16-Dec-04,0,saas,
132,Amazon,smallparts.com, United States,1/1/05,0,commerce,
133,Apple,SchemaSoft, Canada,Mar-05,0,saas,
134,Microsoft,en'tegrate, United States,2-Mar-05,0,saas,
135,Google,Urchin Software Corporation, United States,28-Mar-05,0,analytics,
136,Apple,FingerWorks, United States,Apr-05,0,hardware,
137,Amazon,BookSurge, United States,4-Apr-05,0,commerce,
138,Microsoft,Groove Networks, United States,9-Apr-05,0,saas,
139,Amazon,Mobipocket, France,21-Apr-05,0,saas,
140,Microsoft,MessageCast, United States,11-May-05,7000000,social,
141,Google,Dodgeball, United States,12-May-05,0,social,
142,Microsoft,Tsinghua-Shenxun-Cert Asts, China,31-May-05,15000000,saas,
143,Microsoft,Sybari Software Inc., United States,21-Jun-05,0,saas,
144,Google,Reqwireless, Canada,Jul-05,0,saas,
145,Amazon,CustomFlix, United States,6-Jul-05,0,commerce,
146,Google,Akwan Information Technologies, Brazil,19-Jul-05,0,search,
147,Google,Android, United States,17-Aug-05,50000000,hardware,
148,Microsoft,Teleo Inc., United States,29-Aug-05,0,saas,
149,Microsoft,FrontBridge Technologies, United States,31-Aug-05,0,saas,
150,Microsoft,Alacris Inc., United States,19-Sep-05,0,saas,
151,Google,Skia, United States,Nov-05,0,saas,
152,Microsoft,media-streams.com,  Switzerland,3-Nov-05,0,media,
153,Microsoft,5th Finger, Australia,17-Nov-05,3153000,saas,
154,Google,Phatbits, United States,27-Dec-05,0,saas,
155,Google,allPAY, Germany,31-Dec-05,0,saas,
156,Google,bruNET, Germany,31-Dec-05,0,social,
157,Google,dMarc Broadcasting, United States,17-Jan-06,102000000,commerce,
158,Microsoft,UMT-Software and IP Assets, United States,19-Jan-06,0,saas,
159,Microsoft,MotionBridge, France,13-Feb-06,17858000,search,
160,Microsoft,Seadragon Software, United States,13-Feb-06,0,saas,
161,Google,Measure Map, United States,14-Feb-06,0,analytics,
162,Amazon,Shopbop, United States,27-Feb-06,0,commerce,
163,Microsoft,Apptimum Inc., United States,7-Mar-06,0,saas,
164,Microsoft,Onfolio Inc., United States,7-Mar-06,0,saas,
165,Google,Upstartle, United States,9-Mar-06,0,saas,
166,Google,@Last Software, United States,14-Mar-06,0,saas,
167,Microsoft,Lionhead Studios, United Kingdom,6-Apr-06,0,media,
168,Google,Orion, Australia,9-Apr-06,0,saas,
169,Microsoft,AssetMetrix, Canada,26-Apr-06,0,saas,
170,Microsoft,Massive Inc., United States,4-May-06,0,media,
171,Microsoft,Vexcel, United States,4-May-06,0,saas,
172,Microsoft,DeepMetrix, United States,15-May-06,0,commerce,
173,Google,2Web Technologies, United States,1-Jun-06,0,saas,
174,Microsoft,ProClarity Corp., United States,6-Jun-06,0,analytics,
175,Microsoft,iView Multimedia, United Kingdom,27-Jun-06,0,media,
176,Microsoft,Softricity, United States,17-Jul-06,0,saas,
177,Microsoft,Winternals Software, United States,18-Jul-06,0,saas,
178,Microsoft,Whale Communications, Israel,26-Jul-06,0,saas,
179,Google,Neven Vision Germany, Germany,15-Aug-06,0,saas,
180,Microsoft,Gteko, Israel,26-Sep-06,0,saas,
181,Amazon,TextPayMe, United States,1-Oct-06,3000000,commerce,
182,Microsoft,DesktopStandard, United States,2-Oct-06,0,saas,
183,Google,YouTube, United States,9-Oct-06,1650000000,media,
184,Microsoft,Colloquis, United States,12-Oct-06,0,social,
185,Apple,Silicon Color, United States,16-Oct-06,0,saas,
186,Google,JotSpot, United States,31-Oct-06,0,saas,
187,Apple,Proximity, Australia,4-Dec-06,0,saas,
188,Google,Endoxon,  Switzerland,18-Dec-06,28000000,saas,
189,Google,Adscape, United States,16-Feb-07,23000000,content,
190,Microsoft,Medstory, United States,9-Mar-07,0,search,
191,Google,Trendalyzer, Sweden,16-Mar-07,0,analytics,
192,Microsoft,devBiz Business Solutions, United States,26-Mar-07,0,saas,
193,Google,DoubleClick, United States,13-Apr-07,3100000000,commerce,
194,Google,Tonic Systems, United States,17-Apr-07,0,saas,
195,Google,Marratech, Sweden,19-Apr-07,15000000,saas,
196,Microsoft,ScreenTonic, France,3-May-07,0,commerce,
197,Microsoft,Tellme Networks, United States,3-May-07,0,saas,
198,Microsoft,SoftArtisans, United States,9-May-07,0,saas,
199,Google,GreenBorder, United States,11-May-07,0,security,
200,Amazon,Digital Photography Review, United Kingdom,14-May-07,0,media,
201,Amazon,Brilliance Audio, United States,23-May-07,0,media,
202,Google,Crusix, United States,28-May-07,0,saas,
203,Google,Panoramio, Spain,1-Jun-07,0,media,
204,Google,FeedBurner, United States,3-Jun-07,100000000,content,
205,Microsoft,Engyro, United States,4-Jun-07,0,saas,
206,Google,PeakStream, United States,5-Jun-07,0,saas,
207,Microsoft,Stratature, United States,7-Jun-07,0,analytics,
208,Google,Zenter, United States,19-Jun-07,0,saas,
209,Microsoft,Savvis Inc-Data Centers, United States,29-Jun-07,200000000,analytics,
210,Google,GrandCentral, United States,2-Jul-07,45000000,saas,
211,Google,Postini, United States,9-Jul-07,625000000,security,
212,Facebook,ParaKey, United States,19-Jul-07,0,content,
213,Google,ImageAmerica, United States,20-Jul-07,0,media,
214,Microsoft,"aQuantive, Inc.", United States,13-Aug-07,6000000000,analytics,
215,Microsoft,"AdECN, Inc.", United States,13-Aug-07,0,commerce,
216,Google,Zingku, United States,27-Sep-07,0,social,
217,Microsoft,Jellyfish.com, United States,2-Oct-07,0,commerce,
218,Microsoft,Parlano, United States,5-Oct-07,0,social,
219,Google,Jaiku, Finland,9-Oct-07,0,social,
220,Microsoft,Global Care Solutions, Thailand,29-Oct-07,0,saas,
221,Microsoft,HOB Business Solutions, Denmark,1-Nov-07,0,saas,
222,Microsoft,Musiwave, France,15-Nov-07,0,media,
223,Microsoft,Multimap.com, United Kingdom,12-Dec-07,0,saas,
224,Amazon,Withoutabox, United States,16-Jan-08,0,media,
225,Microsoft,Calista Technologies, United States,22-Jan-08,0,saas,
226,Amazon,Audible, United States,28-Jan-08,300000000,content,
227,Microsoft,Caligari Corporation, United States,7-Feb-08,0,saas,
228,Microsoft,YaData, Israel,27-Feb-08,0,analytics,
229,Microsoft,Rapt Inc., United States,14-Mar-08,0,analytics,
230,Microsoft,Komoku, United States,19-Mar-08,5000000,saas,
231,Microsoft,90 Degree Software, Canada,31-Mar-08,0,saas,
232,Microsoft,Farecast, United States,14-Apr-08,75000000,analytics,
233,Microsoft,Danger Inc., United States,15-Apr-08,500000000,hardware,
234,Apple,P.A. Semi, United States,24-Apr-08,278000000,chips,
235,Microsoft,Fast Search & Transfer ASA, Norway,25-Apr-08,1200000000,search,
236,Microsoft,Kidaro, United States,26-May-08,0,saas,
237,Microsoft,Quadreon, Belgium,4-Jun-08,0,saas,
238,Microsoft,Navic Networks, United States,18-Jun-08,0,media,
239,Facebook,ConnectU, United States,23-Jun-08,31000000,social,
240,Amazon,Fabric.com, United States,25-Jun-08,0,commerce,
241,Microsoft,Mobicomp, Portugal,26-Jun-08,0,saas,
242,Google,Omnisio, United States,30-Jul-08,15000000,saas,
243,Amazon,AbeBooks, Canada,1-Aug-08,0,commerce,
244,Microsoft,Powerset, United States,11-Aug-08,0,search,
245,Amazon,Shelfari, United States,26-Aug-08,0,social,
246,Google,TNC, South Korea,12-Sep-08,0,saas,
247,Microsoft,DATAllegro, United States,16-Sep-08,0,hardware,
248,Microsoft,Greenfield Online, United States,28-Sep-08,486000000,analytics,
249,Amazon,Reflexive Entertainment, United States,21-Oct-08,0,media,
250,Amazon,Box Office Mojo, United States,17-Dec-08,0,content,
251,Microsoft,3DV Systems, Israel,1-Mar-09,35000000,hardware,
252,Amazon,Lexcycle, United States,27-Apr-09,0,saas,
253,Microsoft,BigPark Inc., Canada,7-May-09,0,media,
254,Microsoft,Rosetta Biosoftware, United States,1-Jun-09,0,saas,
255,Amazon,SnapTell, United States,18-Jun-09,0,saas,
256,Apple,Placebase, United States,7-Jul-09,0,content,
257,Google,On2, United States,5-Aug-09,133000000,saas,
258,Facebook,FriendFeed, United States,10-Aug-09,47500000,social,
259,Google,reCAPTCHA, United States,16-Sep-09,0,saas,
260,Microsoft,Interactive Supercomputing, United States,22-Sep-09,0,saas,
261,Amazon,Zappos, United States,2-Nov-09,1200000000,commerce,
262,Google,Gizmo5, United States,9-Nov-09,30000000,saas,
263,Google,AdMob, United States,9-Nov-09,0,commerce,
264,Google,Teracent, United States,23-Nov-09,0,commerce,
265,Apple,Lala.com, United States,4-Dec-09,17000000,media,
266,Google,AppJet, United States,4-Dec-09,0,saas,
267,Microsoft,Opalis Software, Canada,10-Dec-09,0,saas,
268,Apple,Quattro Wireless, United States,5-Jan-10,275000000,commerce,
269,Microsoft,"Sentillion, Inc.", United States,2-Feb-10,0,saas,
270,Amazon,Touchco, United States,3-Feb-10,0,hardware,
271,Google,Aardvark, United States,12-Feb-10,50000000,search,
272,Google,reMail, United States,17-Feb-10,0,saas,
273,Facebook,Octazen,Malaysia,19-Feb-10,0,saas,
274,Google,Picnik, United States,1-Mar-10,0,media,
275,Facebook,Divvyshot, United States,2-Mar-10,0,media,
276,Google,DocVerse, United States,5-Mar-10,25000000,content,
277,Google,Episodic, United States,2-Apr-10,0,media,
278,Google,Plink, United Kingdom,12-Apr-10,0,search,
279,Google,Agnilux, United States,20-Apr-10,0,chips,
280,Apple,Intrinsity, United States,27-Apr-10,121000000,chips,
281,Apple,Siri, United States,27-Apr-10,0,saas,
282,Google,LabPixies, Israel,27-Apr-10,0,media,
283,Google,BumpTop, Canada,30-Apr-10,30000000,hardware,
284,Apple,Gipsy Moth Studios,,10-May-10,121000000,saas,
285,Facebook,Friendster (patents), United States,13-May-10,40000000,social,
286,Google,Global IP Solutions, United States,18-May-10,68200000,saas,
287,Google,Simplify Media, United States,20-May-10,0,media,
288,Google,Ruba.com, United States,21-May-10,0,content,
289,Facebook,ShareGrove, United States,26-May-10,0,social,
290,Google,Invite Media, United States,3-Jun-10,81000000,media,
291,Facebook,Zenbe, United States,6-Jul-10,0,social,
292,Facebook,Nextstop, United States,8-Jul-10,2500000,social,
293,Apple,Poly9, Canada,14-Jul-10,0,saas,
294,Google,Metaweb, United States,16-Jul-10,0,search,
295,Google,Zetawire, Canada,Aug-10,0,saas,
296,Google,Instantiations, United States,4-Aug-10,0,saas,
297,Google,Slide.com, United States,5-Aug-10,228000000,media,
298,Google,Jambool, United States,10-Aug-10,70000000,saas,
299,Facebook,Chai Labs, United States,15-Aug-10,10000000,search,
300,Google,Like.com, United States,15-Aug-10,100000000,search,
301,Facebook,Hot Potato, United States,20-Aug-10,10000000,social,
302,Google,Angstro, United States,30-Aug-10,0,social,
303,Google,SocialDeck, Canada,30-Aug-10,0,social,
304,Amazon,Amie Street, United States,8-Sep-10,0,commerce,
305,Google,Quiksee, Israel,13-Sep-10,10000000,saas,
306,Apple,IMSense, United Kingdom,14-Sep-10,0,hardware,
307,Apple,Polar Rose, Sweden,20-Sep-10,29000000,ai,
308,Google,Plannr, United States,28-Sep-10,0,social,
309,Google,BlindType, Greece,1-Oct-10,0,saas,
310,Amazon,BuyVIP, Spain,4-Oct-10,100000000,commerce,
311,Microsoft,"AVIcode, Inc.", United States,6-Oct-10,0,analytics,
312,Facebook,Drop.io, United States,29-Oct-10,10000000,media,
313,Microsoft,"Canesta, Inc.", United States,29-Oct-10,0,chips,
314,Amazon,Quidsi, United States,8-Nov-10,545000000,commerce,
315,Amazon,Toby Press, United States,18-Nov-10,0,media,
316,Google,Phonetic Arts, United Kingdom,3-Dec-10,0,saas,
317,Google,Widevine Technologies, United States,3-Dec-10,0,media,
318,Google,eBook Technologies, United States,13-Jan-11,0,hardware,
319,Amazon,LoveFilm, United Kingdom,20-Jan-11,312000000,media,
320,Google,SayNow, United States,25-Jan-11,0,social,
321,Facebook,Rel8tion, United States,25-Jan-11,0,saas,
322,Google,Zynamics, Germany,1-Mar-11,0,security,
323,Facebook,Beluga, United States,2-Mar-11,0,social,
324,Google,BeatThatQuote.com, United Kingdom,7-Mar-11,65000000,commerce,
325,Google,Next New Networks, United States,7-Mar-11,0,media,
326,Google,Green Parrot Pictures, Ireland,16-Mar-11,0,media,
327,Facebook,Snaptu,Israel,20-Mar-11,70000000,saas,
328,Facebook,RecRec, United States,24-Mar-11,0,social,
329,Google,PushLife, Canada,8-Apr-11,25000000,commerce,
330,Google,ITA Software, United States,12-Apr-11,676000000,saas,
331,Google,TalkBin, United States,26-Apr-11,0,media,
332,Facebook,DayTum, United States,27-Apr-11,0,analytics,
333,Microsoft,Skype Technologies, Luxembourg,10-May-11,8500000000,social,
334,Google,Sparkbuy, United States,23-May-11,0,commerce,
335,Google,PostRank, Canada,3-Jun-11,0,analytics,
336,Microsoft,Prodiance, United States,7-Jun-11,0,saas,
337,Google,Admeld, United States,9-Jun-11,400000000,commerce,
338,Facebook,Sofa, United States,9-Jun-11,0,saas,
339,Facebook,MailRank, United States,9-Jun-11,0,saas,
340,Google,SageTV, United States,18-Jun-11,0,media,
341,Amazon,The Book Depository, United Kingdom,4-Jul-11,0,commerce,
342,Google,Punchd, United States,8-Jul-11,0,saas,
343,Google,Fridge, United States,21-Jul-11,0,social,
344,Google,PittPatt, United States,23-Jul-11,0,ai,
345,Amazon,Pushbutton, United Kingdom,28-Jul-11,0,saas,
346,Apple,C3 Technologies, Sweden,1-Aug-11,267000000,saas,
347,Google,Dealmap, United States,1-Aug-11,0,commerce,
348,Facebook,Push Pop Press, United States,2-Aug-11,0,media,
349,Google,Motorola Mobility, United States,15-Aug-11,12500000000,hardware,
350,Amazon,Double Helix Games, United States,5-Sep-11,0,media,
351,Google,Zave Networks, United States,7-Sep-11,0,commerce,
352,Google,Zagat, United States,8-Sep-11,151000000,content,
353,Google,DailyDeal, Germany,19-Sep-11,114000000,commerce,
354,Facebook,Friend.ly, United States,10-Oct-11,0,social,
355,Google,SocialGrapple, Canada,11-Oct-11,0,analytics,
356,Microsoft,Twisted Pixel Games, United States,12-Oct-11,0,media,
357,Facebook,Strobe, United States,8-Nov-11,0,saas,
358,Google,Apture, United States,10-Nov-11,0,search,
359,Google,Katango, United States,14-Nov-11,0,social,
360,Microsoft,VideoSurf Inc., United States,22-Nov-11,100000000,media,
361,Facebook,Gowalla, United States,2-Dec-11,0,social,
362,Google,RightsFlow, United States,9-Dec-11,0,saas,
363,Google,Clever Sense, United States,13-Dec-11,0,saas,
364,Apple,Anobit, Israel,20-Dec-11,500000000,saas,
365,Google,WIMM Labs, United States,1/1/12,0,hardware,
366,Amazon,Teachstreet, United States,2-Feb-12,0,content,
367,Facebook,Caffeinatedmind, United States,20-Feb-12,0,saas,
368,Apple,Chomp, United States,23-Feb-12,50000000,search,
369,Google,Milk, United States,16-Mar-12,0,media,
370,Amazon,Kiva Systems, United States,19-Mar-12,775000000,hardware,
371,Google,TxVia, United States,2-Apr-12,0,saas,
372,Facebook,Instagram, United States,9-Apr-12,1000000000,social,
373,Facebook,Tagtile, United States,13-Apr-12,0,analytics,
374,Amazon,Evi, United Kingdom,16-Apr-12,26000000,hardware,
375,Amazon,Avalon Books, United States,17-Apr-12,0,commerce,
376,Facebook,Glancee, United States,5-May-12,0,social,
377,Facebook,Lightbox.com,United Kingdom,15-May-12,0,media,
378,Facebook,Karma, United States,21-May-12,0,social,
379,Apple,Redmatica, Italy,2-Jun-12,0,saas,
380,Google,Meebo, United States,4-Jun-12,100000000,social,
381,Microsoft,Press Play, Denmark,4-Jun-12,0,media,
382,Google,Quickoffice, United States,5-Jun-12,0,saas,
383,Facebook,Face.com,Israel,18-Jun-12,100000000,ai,
384,Amazon,UpNext, United States,2-Jul-12,2500000,saas,
385,Microsoft,Perceptive Pixel, United States,9-Jul-12,0,media,
386,Facebook,Spool, United States,14-Jul-12,0,content,
387,Microsoft,Yammer, United States,19-Jul-12,1200000000,social,
388,Google,Sparrow, France,20-Jul-12,25000000,content,
389,Facebook,Acrylic Software,Canada,20-Jul-12,0,saas,
390,Apple,AuthenTec, United States,27-Jul-12,356000000,saas,
391,Google,Wildfire Interactive, United States,1-Aug-12,450000000,commerce,
392,Facebook,Threadsy, United States,24-Aug-12,0,social,
393,Google,VirusTotal.com, Spain,7-Sep-12,0,saas,
394,Google,Nik Software, United States,17-Sep-12,0,saas,
395,Apple,Particle, United States,27-Sep-12,0,saas,
396,Google,Viewdle, Ukraine,1-Oct-12,45000000,ai,
397,Microsoft,PhoneFactor, United States,4-Oct-12,0,saas,
398,Microsoft,StorSimple, United States,16-Oct-12,0,saas,
399,Microsoft,MarketingPilot, United States,17-Oct-12,0,saas,
400,Google,Incentive Targeting, United States,28-Nov-12,0,commerce,
401,Google,BufferBox, Canada,30-Nov-12,17000000,commerce,
402,Apple,Novauris Technologies, United Kingdom,1/1/13,0,ai,
403,Apple,OttoCat, United States,1/1/13,0,search,
404,Microsoft,id8 Group R2 Studios, United States,3-Jan-13,0,media,
405,Amazon,IVONA Software, United States,24-Jan-13,0,saas,
406,Microsoft,Pando Networks, United States,2-Feb-13,0,media,
407,Google,Channel Intelligence, United States,6-Feb-13,125000000,saas,
408,Facebook,Atlas Solutions, United States,28-Feb-13,100000000,analytics,
409,Facebook,osmeta, United States,Mar-13,0,saas,
410,Facebook,Storylane (Mixtent), United States,Mar-13,0,social,
411,Microsoft,MetricsHub, United States,4-Mar-13,0,analytics,
412,Google,DNNresearch, Canada,12-Mar-13,0,ai,
413,Facebook,Hot Studio, United States,14-Mar-13,0,content,
414,Google,Talaria Technologies, United States,15-Mar-13,0,saas,
415,Microsoft,Netbreeze,  Switzerland,19-Mar-13,0,analytics,
416,Apple,WiFiSlam, United States,23-Mar-13,20000000,saas,
417,Amazon,Goodreads, United States,28-Mar-13,1000000000,content,
418,Google,Behavio, United States,12-Apr-13,0,ai,
419,Google,Wavii, United States,23-Apr-13,30000000,social,
420,Facebook,Spaceport, United States,23-Apr-13,0,media,
421,Facebook,Parse, United States,25-Apr-13,85000000,saas,
422,Amazon,Liquavista, Netherlands,13-May-13,0,hardware,
423,Google,Makani Power, United States,23-May-13,0,hardware,
424,Microsoft,InRelease, Canada,3-Jun-13,0,saas,
425,Google,Waze, Israel,11-Jun-13,966000000,saas,
426,Facebook,Monoidics,United Kingdom,18-Jul-13,0,saas,
427,Apple,Locationary, Canada,19-Jul-13,0,content,
428,Apple,HopStop.com, United States,19-Jul-13,0,content,
429,Apple,Passif Semiconductor, United States,1-Aug-13,0,chips,
430,Facebook,Jibbigo, United States,12-Aug-13,0,ai,
431,Apple,Matcha, United States,13-Aug-13,0,content,
432,Apple,Embark, United States,22-Aug-13,0,content,
433,Apple,AlgoTrim, Sweden,28-Aug-13,0,analytics,
434,Microsoft,Nokia mobile phones unit, Finland,2-Sep-13,7200000000,hardware,
435,Google,Bump, United States,16-Sep-13,0,saas,
436,Google,Flutter, United States,2-Oct-13,40000000,ai,
437,Apple,Cue, United States,3-Oct-13,50000000,saas,
438,Amazon,"TenMarks Education, Inc.", United States,10-Oct-13,0,content,
439,Microsoft,HLW Software, Austria,12-Oct-13,0,saas,
440,Facebook,Onavo,Israel,13-Oct-13,0,analytics,
441,Google,FlexyCore, France,22-Oct-13,23000000,hardware,
442,Microsoft,Apiphany, United States,25-Oct-13,0,saas,
443,Apple,PrimeSense, Israel,24-Nov-13,360000000,saas,
444,Apple,Acunu, United States,Dec-13,0,content,
445,Apple,Topsy, United States,2-Dec-13,200000000,analytics,
446,Google,Schaft, Japan,2-Dec-13,0,hardware,
447,Google,Industrial Perception, United States,3-Dec-13,0,hardware,
448,Google,Redwood Robotics, United States,4-Dec-13,0,hardware,
449,Google,Meka Robotics, United States,5-Dec-13,0,hardware,
450,Google,Holomni, United States,6-Dec-13,0,hardware,
451,Google,Bot & Dolly, United States,7-Dec-13,0,hardware,
452,Google,Autofuss, United States,8-Dec-13,0,hardware,
453,Facebook,SportStream, United States,17-Dec-13,0,media,
454,Apple,BroadMap, United States,23-Dec-13,0,conent,
455,Apple,Catch.com, United States,23-Dec-13,0,saas,
456,Apple,Dryft, United States,1/1/14,0,saas,
457,Apple,SnappyLabs, United States,4-Jan-14,0,saas,
458,Google,Bitspin,  Switzerland,4-Jan-14,0,saas,
459,Microsoft,Parature, United States,7-Jan-14,100000000,saas,
460,Facebook,Little Eye Labs,India,8-Jan-14,15000000,analytics,
461,Facebook,Branch, United States,13-Jan-14,15000000,social,
462,Google,Nest Labs, United States,13-Jan-14,3200000000,hardware,
463,Google,Impermium, United States,15-Jan-14,0,security,
464,Google,DeepMind Technologies, United Kingdom,26-Jan-14,625000000,saas,
465,Google,SlickLogin, Israel,16-Feb-14,0,security,
466,Facebook,WhatsApp, United States,19-Feb-14,19000000000,social,
467,Apple,Burstly, United States,21-Feb-14,0,saas,
468,Google,spider.io, United Kingdom,21-Feb-14,0,security,
469,Google,GreenThrottle, United States,12-Mar-14,0,media,
470,Facebook,Oculus VR, United States,25-Mar-14,2000000000,hardware,
471,Facebook,Ascenta,United Kingdom,27-Mar-14,20000000,hardware,
472,Amazon,ComiXology, United States,10-Apr-14,0,media,
473,Google,Titan Aerospace, United States,14-Apr-14,0,hardware,
474,Facebook,ProtoGeo Oy,Finland,24-Apr-14,0,saas,
475,Microsoft,GreenButton, New Zealand,1-May-14,0,saas,
476,Microsoft,Capptain, France,1-May-14,0,saas,
477,Apple,LuxVue Technology, United States,2-May-14,0,hardware,
478,Google,Rangespan, United Kingdom,2-May-14,0,analytics,
479,Google,Adometry, United States,6-May-14,0,analytics,
480,Google,Appetas, United States,7-May-14,0,saas,
481,Google,Stackdriver, United States,7-May-14,0,analytics,
482,Google,MyEnergy, United States,7-May-14,0,saas,
483,Google,Quest Visual, United States,16-May-14,0,saas,
484,Google,Divide, United States,19-May-14,0,saas,
485,Apple,Spotsetter, United States,6-Jun-14,0,search,
486,Google,Skybox Imaging, United States,10-Jun-14,500000000,saas,
487,Google,mDialog, Canada,19-Jun-14,0,media,
488,Google,Alpental Technologies, United States,19-Jun-14,0,hardware,
489,Google,Dropcam, United States,20-Jun-14,555000000,hardware,
490,Google,Appurify, United States,25-Jun-14,0,analytics,
491,Apple,Swell, United States,29-Jun-14,30000000,media,
492,Apple,BookLamp, United States,29-Jun-14,0,analytics,
493,Google,Songza, United States,1-Jul-14,0,media,
494,Microsoft,SyntaxTree, France,2-Jul-14,0,saas,
495,Microsoft,InMage, United States,11-Jul-14,0,saas,
496,Google,drawElements, Finland,23-Jul-14,0,saas,
497,Apple,Beats Electronics, United States,1-Aug-14,3000000000,hardware,
498,Microsoft,Inception Mobile Inc., Canada,1-Aug-14,0,saas,
499,Google,Emu, United States,6-Aug-14,0,analytics,
500,Google,Director, United States,6-Aug-14,0,media,
501,Facebook,PrivateCore, United States,7-Aug-14,0,security,
502,Facebook,LiveRail, United States,14-Aug-14,500000000,media,
503,Google,Jetpac, United States,17-Aug-14,0,media,
504,Google,Gecko Design, United States,23-Aug-14,0,hardware,
505,Amazon,Twitch Interactive, United States,25-Aug-14,970000000,media,
506,Amazon,Rooftop Media, United States,25-Aug-14,0,media,
507,Google,Zync Render, United States,26-Aug-14,0,saas,
508,Facebook,WaveGroup Sound, United States,26-Aug-14,0,media,
509,Google,Lift Labs, United States,10-Sep-14,0,ai,
510,Google,Polar, United States,11-Sep-14,0,analytics,
511,Apple,Prss, Netherlands,23-Sep-14,0,content,
512,Google,Firebase, United States,21-Oct-14,0,saas,
513,Google,Dark Blue Labs & Vision Factory, United Kingdom,23-Oct-14,10000000,ai,
514,Google,Revolv, United States,24-Oct-14,0,hardware,
515,Microsoft,Mojang, Sweden,6-Nov-14,2500000000,media,
516,Microsoft,Aorato, Israel,13-Nov-14,0,security,
517,Google,RelativeWave, United States,19-Nov-14,0,saas,
518,Microsoft,Acompli, United States,2-Dec-14,0,content,
519,Amazon,GoodGame, United States,9-Dec-14,0,media,
520,Microsoft,HockeyApp, Germany,11-Dec-14,0,analytics,
521,Google,Vidmaker, United States,17-Dec-14,0,media,
522,Apple,Camel Audio, United Kingdom,Jan-15,0,media,
523,Facebook,Wit.ai, United States,6-Jan-15,0,ai,
524,Facebook,Quickfire Networks, United States,8-Jan-15,0,saas,
525,Microsoft,Equivio, Israel,20-Jan-15,0,ai,
526,Apple,Semetric, United Kingdom,21-Jan-15,50000000,analytics,
527,Amazon,Annapurna Labs, Israel,22-Jan-15,350000000,hardware,
528,Microsoft,Revolution Analytics, United States,23-Jan-15,0,analytics,
529,Microsoft,"Sunrise Atelier, Inc.", United States,4-Feb-15,100000000,saas,
530,Google,Launchpad Toys, United States,4-Feb-15,0,media,
531,Google,Odysee, United States,8-Feb-15,0,media,
532,Microsoft,N-trig, Israel,12-Feb-15,200000000,hardware,
533,Google,Softcard, United States,23-Feb-15,0,saas,
534,Google,Red Hot Labs, United States,24-Feb-15,0,analytics,
535,Amazon,2lemetry, United States,12-Mar-15,0,saas,
536,Facebook,"TheFind, Inc.", United States,14-Mar-15,0,commerce,
537,Apple,FoundationDB, United States,24-Mar-15,0,analytics,
538,Microsoft,LiveLoop, United States,26-Mar-15,0,content,
539,Apple,Coherent Navigation, United States,Apr-15,0,saas,
540,Amazon,Shoefitr, United States,10-Apr-15,0,saas,
541,Apple,LinX, Israel,14-Apr-15,20000000,hardware,
542,Microsoft,"Datazen Software, Inc.", Canada,14-Apr-15,0,saas,
543,Google,Thrive Audio, Ireland,16-Apr-15,0,hardware,
544,Google,Skillman & Hackett, United States,16-Apr-15,0,media,
545,Amazon,ClusterK, United States,29-Apr-15,35000000,saas,
546,Apple,Metaio, Germany,May-15,0,saas,
547,Google,Timeful, United States,4-May-15,0,saas,
548,Facebook,Surreal Vision,United Kingdom,26-May-15,0,hardware,
549,Google,Pulse.io, United States,28-May-15,0,analytics,
550,Microsoft,6Wunderkinder, Germany,2-Jun-15,0,saas,
551,Microsoft,BlueStripe Software, United States,10-Jun-15,0,saas,
552,Google,Agawi, United States,18-Jun-15,0,saas,
553,Amazon,AppThwack, United States,14-Jul-15,0,saas,
554,Facebook,Pebbles,Israel,16-Jul-15,60000000,hardware,
555,Microsoft,FieldOne Systems LLC, United States,16-Jul-15,0,saas,
556,Google,Pixate, United States,21-Jul-15,0,saas,
557,Microsoft,Incent Games Inc., United States,3-Aug-15,0,media,
558,Apple,Mapsense, United States,Sep-15,25000000,analytics,
559,Apple,VocalIQ, United Kingdom,Sep-15,0,saas,
560,Apple,Perceptio, United States,Sep-15,0,ai,
561,Amazon,Elemental Technologies, United States,3-Sep-15,500000000,software,
562,Microsoft,"VoloMetrix, Inc.", United States,3-Sep-15,0,analytics,
563,Microsoft,Adallom, Israel,8-Sep-15,320000000,security,
564,Microsoft,"Double Labs, Inc.", United States,11-Sep-15,0,saas,
565,Google,Oyster, United States,21-Sep-15,0,content,
566,Amazon,Safaba Translation Systems, United States,25-Sep-15,0,saas,
567,Microsoft,Adxstudio Inc., Canada,28-Sep-15,0,analytics,
568,Google,Jibe Mobile, United States,30-Sep-15,0,saas,
569,Microsoft,Havok, Ireland,2-Oct-15,0,media,
570,Facebook,Endaga, United States,3-Oct-15,0,hardware,
571,Google,Digisfera, Portugal,17-Oct-15,0,media,
572,Apple,Faceshift,  Switzerland,Nov-15,0,saas,
573,Microsoft,Mobile Data Labs, United States,5-Nov-15,0,analytics,
574,Microsoft,Secure Islands Technologies Ltd., Israel,9-Nov-15,0,saas,
575,Google,bebop, United States,11-Nov-15,380000000,saas,
576,Google,Fly Labs, United States,11-Nov-15,0,media,
577,Amazon,Orbeus, United States,1-Dec-15,0,saas,
578,Microsoft,Metanautix, United States,18-Dec-15,0,analytics,
579,Microsoft,"Talko, Inc.", United States,21-Dec-15,0,social,
580,Apple,Emotient, United States,7-Jan-16,0,ai,
581,Amazon,Colis Privé, France,11-Jan-16,0,commerce,
582,Microsoft,Teacher Gaming LLC, Finland,19-Jan-16,0,media,
583,Apple,LearnSprout, United States,28-Jan-16,0,content,
584,Apple,Flyby Media, United States,29-Jan-16,0,content,
585,Apple,LegbaCore, United States,3-Feb-16,0,security,
586,Microsoft,Groove, Canada,9-Feb-16,0,saas,
587,Amazon,NICE, Italy,12-Feb-16,0,saas,
588,Google,BandPage, United States,12-Feb-16,0,media,
589,Amazon,Emvantage Payments, India,16-Feb-16,0,saas,
590,Google,Pie, Singapore,18-Feb-16,0,social,
591,Microsoft,Xamarin, United States,24-Feb-16,0,saas,
592,Microsoft,SwiftKey, United Kingdom,1-Mar-16,250000000,saas,
593,Facebook,MSQRD (Masquerade),Belarus,9-Mar-16,0,media,
594,Google,Synergyse, Canada,2-May-16,0,saas,
595,Microsoft,Solair, Italy,3-May-16,0,hardware,
596,Facebook,Two Big Ears,United Kingdom,23-May-16,0,hardware,
597,Microsoft,Wand Labs, United States,16-Jun-16,0,social,
598,Google,Webpass, United States,22-Jun-16,0,saas,
599,Google,Moodstocks, France,6-Jul-16,0,ai,
600,Google,Anvato, United States,8-Jul-16,0,media,
601,Google,Kifi, United States,12-Jul-16,0,search,
602,Amazon,Cloud9 IDE, United States,14-Jul-16,0,saas,
603,Google,LaunchKit, United States,27-Jul-16,0,saas,
604,Apple,Turi, United States,5-Aug-16,200000000,ai,
605,Google,Orbitera, United States,8-Aug-16,100000000,saas,
606,Microsoft,Beam, United States,11-Aug-16,0,media,
607,Amazon,"Curse, Inc.", United States,16-Aug-16,0,media,
608,Microsoft,Genee, United States,20-Aug-16,0,ai,
609,Apple,Gliimpse, United States,22-Aug-16,0,analytics,
610,Google,Apigee, United States,8-Sep-16,625000000,analytics,
611,Google,Urban Engines, United States,15-Sep-16,0,analytics,
612,Google,API.AI, United States,19-Sep-16,0,ai,
613,Facebook,Nascent Objects, United States,19-Sep-16,0,hardware,
614,Apple,Tuplejump, India,22-Sep-16,0,ai,
615,Facebook,Infiniled,Ireland,10-Oct-16,0,hardware,
616,Google,FameBit, United States,11-Oct-16,0,media,
617,Google,Eyefluence, United States,24-Oct-16,0,hardware,
618,Amazon,Westland, India,28-Oct-16,0,commerce,
619,Facebook,Zurich Eye,Switzerland,Nov-16,0,hardware,
620,Amazon,Partpic, United States,2-Nov-16,0,saas,
621,Google,LeapDroid, United States,5-Nov-16,0,saas,
622,Facebook,CrowdTangle, United States,11-Nov-16,0,analytics,
623,Facebook,Faciometrics, United States,16-Nov-16,0,ai,
624,Google,Qwiklabs, United States,21-Nov-16,0,saas,
625,Apple,Indoor.io, Finland,1-Dec-16,0,content,
626,Microsoft,LinkedIn, United States,8-Dec-16,26200000000,social,
627,Google,Cronologics, United States,13-Dec-16,0,hardware,
628,Google,Limes Audio, Sweden,5-Jan-17,0,media,
629,Amazon,harvest.ai, United States,9-Jan-17,20000000,saas,
630,Amazon,Blink Home, United States,12-Jan-17,90000000,security,
631,Microsoft,Maluuba, Canada,13-Jan-17,0,ai,
632,Microsoft,Simplygon, Sweden,17-Jan-17,0,saas,
633,Google,Fabric, United States,19-Jan-17,0,saas,
634,Amazon,Thinkbox Software, United States,6-Mar-17,0,saas,
635,Amazon,Do.com, United States,8-Mar-17,0,saas,
636,Google,Kaggle, United States,8-Mar-17,0,saas,
637,Google,AppBridge, United States,9-Mar-17,0,saas,
638,Apple,Workflow, United States,23-Mar-17,0,saas,
639,Microsoft,Deis, United States,10-Apr-17,0,saas,
640,Microsoft,Intentional Software, United States,18-Apr-17,0,saas,
641,Apple,Beddit, Finland,8-May-17,0,hardware,
642,Google,Owlchemy Labs, United States,10-May-17,0,media,
643,Apple,Lattice Data, United States,13-May-17,200000000,ai,
644,Microsoft,Hexadite, Israel,8-Jun-17,100000000,security,
645,Amazon,Whole Foods Market, United States,16-Jun-17,13700000000,commerce,
646,Apple,SensoMotoric Instruments, Germany,16-Jun-17,0,hardware,
647,Microsoft,Cloudyn, Israel,28-Jun-17,50000000,analytics,
648,Amazon,Souq.com, United Arab Emirates,3-Jul-17,580000000,commerce,
649,Google,Halli Labs, India,12-Jul-17,0,ai,
650,Amazon,Graphiq, United States,20-Jul-17,50000000,saas,
651,Amazon,GameSparks, United Kingdom,28-Jul-17,10000000,media,
652,Facebook,Ozlo, United States,31-Jul-17,0,ai,
653,Facebook,Fayteq AG,Germany,Aug-17,0,ai,
654,Microsoft,Cycle Computing, United States,15-Aug-17,0,saas,
655,Google,AIMatter, Belarus,16-Aug-17,0,ai,
656,Amazon,Wing.ae, United Arab Emirates,6-Sep-17,0,commerce,
657,Google,HTC (portions), Taiwan,21-Sep-17,1100000000,hardware,
658,Apple,Vrvana, Canada,22-Sep-17,30000000,hardware,
659,Google,Bitium, United States,26-Sep-17,0,security,
660,Apple,Regaind, France,29-Sep-17,0,ai,
661,Apple,init.ai, United States,Oct-17,0,saas,
662,Apple,PowerbyProxi, New Zealand,Oct-17,0,hardware,
663,Amazon,Body Labs, United States,3-Oct-17,60000000,ai,
664,Microsoft,AltspaceVR, United States,3-Oct-17,0,saas,
665,Google,Relay Media, United States,9-Oct-17,0,saas,
666,Google,60db, United States,11-Oct-17,0,media,
667,Facebook,tbh, United States,16-Oct-17,0,social,
668,Microsoft,SWNG, United States,7-Nov-17,0,media,
669,Apple,InVisage Technologies, United States,9-Nov-17,0,hardware,
670,Amazon,Goo Technologies, United States,28-Nov-17,0,saas,
671,Apple,Spektral, Denmark,Dec-17,30000000,hardware,
672,Apple,Pop Up Archive, United States,5-Dec-17,0,search,
673,Apple,Laserlike, United States,1/1/18,0,ai,
674,Apple,Silk Labs, United States,1/1/18,0,ai,
675,Apple,Tueo Health, United States,1/1/18,0,hardware,
676,Apple,Silicon Valley Data Science, United States,Jan-18,0,analytics,
677,Apple,Buddybuild, Canada,2-Jan-18,0,saas,
678,Microsoft,Avere Systems, United States,3-Jan-18,0,hardware,
679,Google,Redux, United Kingdom,11-Jan-18,0,hardware,
680,Amazon,Sqrrl, United States,23-Jan-18,40000000,saas,
681,Facebook,Confirm, United States,23-Jan-18,0,security,
682,Microsoft,Playfab, United States,29-Jan-18,0,saas,
683,Amazon,Ring, United States,27-Feb-18,839000000,security,
684,Apple,Texture," United States,  Canada",12-Mar-18,0,media,
685,Google,Tenor, United States,27-Mar-18,0,social,
686,Amazon,Accept.com, United States,27-Apr-18,101700000,commerce,
687,Google,Velostrata, Israel,9-May-18,0,saas,
688,Google,Cask, United States,14-May-18,0,analytics,
689,Microsoft,Semantic Machines, United States,20-May-18,400000000,ai,
690,Microsoft,Ninja Theory, United Kingdom,11-Jun-18,0,media,
691,Microsoft,Undead Labs, United States,11-Jun-18,0,media,
692,Microsoft,Compulsion Games, Canada,11-Jun-18,0,media,
693,Microsoft,Playground Games, United Kingdom,11-Jun-18,0,media,
694,Microsoft,Flipgrid, United States,18-Jun-18,0,content,
695,Microsoft,Bonsai, United States,20-Jun-18,0,ai,
696,Amazon,PillPack, United States,28-Jun-18,753000000,commerce,
697,Facebook,Bloomsbury AI,United Kingdom,Jul-18,30000000,ai,
698,Facebook,Redkix,Israel,26-Jul-18,100000000,social,
699,Google,GraphicsFuzz, United Kingdom,6-Aug-18,0,hardware,
700,Facebook,Vidpresso, United States,13-Aug-18,0,media,
701,Amazon,Tapzo, India,28-Aug-18,40000000,saas,
702,Apple,Akonia Holographics, United States,29-Aug-18,0,hardware,
703,Microsoft,Lobe, United States,13-Sep-18,0,ai,
704,Google,Senosis, United States,19-Sep-18,0,saas,
705,Apple,Shazam, United Kingdom,24-Sep-18,400000000,saas,
706,Google,Onward, United States,2-Oct-18,0,ai,
707,Apple,Dialog Semiconductor (portions), United Kingdom,11-Oct-18,600000000,chips,
708,Microsoft,GitHub, United States,26-Oct-18,7500000000,content ,
709,Facebook,Dreambit,Israel,1-Nov-18,0,search,
710,Microsoft,inXile Entertainment, United States,10-Nov-18,0,media,
711,Microsoft,Obsidian Entertainment, United States,10-Nov-18,0,media,
712,Microsoft,XOXCO, United States,14-Nov-18,0,ai,
713,Microsoft,FSLogix, United States,19-Nov-18,0,saas,
714,Google,Workbench, United States,28-Nov-18,0,content,
715,Apple,Platoon, United Kingdom,7-Dec-18,0,content,
716,Google,Sigmoid Labs, India,10-Dec-18,40000000,saas,
717,Amazon,CloudEndure, Israel,1-Jan-19,250000000,saas,
718,Google,Superpod, United States,3-Jan-19,60000000,search,
719,Amazon,TSO Logic, Canada,14-Jan-19,0,saas,
720,Microsoft,Citus Data, United States,24-Jan-19,0,analytics,
721,Facebook,Chainspace,United Kingdom,Feb-19,0,saas,
722,Microsoft,DataSense, United States,4-Feb-19,0,analytics,
723,Facebook,GrokStyle, United States,8-Feb-19,0,search,
724,Amazon,Eero, United States,11-Feb-19,97000000,hardware,
725,Google,Alooma, Israel,19-Feb-19,0,saas,
726,Apple,Stamplay, Italy,21-Mar-19,5600000,saas,
727,Google,Nightcorn, Germany,31-Mar-19,0,media,
728,Amazon,Canvas Technology, United States,10-Apr-19,0,hardware,
729,Microsoft,Express Logic, United States,18-Apr-19,0,hardware,
730,Amazon,Amiato, United States,May-19,0,saas,
731,Amazon,Sizmek, United States,31-May-19,0,commerce,
732,Google,Looker, United States,6-Jun-19,2600000000,saas,
733,Microsoft,Double Fine Productions, United States,9-Jun-19,0,media,
734,Amazon,Bebo, United States,18-Jun-19,25000000,social,
735,Apple,Drive.ai, United States,25-Jun-19,0,ai,
736,Google,Elastifile, United States,9-Jul-19,0,saas,
737,Apple,Intel's smartphone modem business, United States,25-Jul-19,1000000000,hardware,
738,Microsoft,BlueTalon, United States,29-Jul-19,0,security,
739,Amazon,E8 Storage, Israel,31-Jul-19,0,saas,
740,Microsoft,PromoteIQ, United States,5-Aug-19,0,analytics,
741,Microsoft,jClarity, United States,19-Aug-19,0,saas,
742,Facebook,CTRL-labs, United States,1-Sep-19,500000000,ai,
743,Facebook,Servicefriend,Israel,1-Sep-19,0,ai,
744,Microsoft,Movere, United States,4-Sep-19,0,saas,
745,Amazon,Yap, United States,Sep-19,0,saas,
746,Amazon,Biba Systems, United States,Sep-19,0,saas,
747,Amazon,IGDB, Sweden,17-Sep-19,0,media,
748,Amazon,INLT, United States,24-Sep-19,0,saas,
749,Google,Socratic, United States,16-Oct-19,0,content,
750,Microsoft,Mover, Canada,21-Oct-19,0,saas,
751,Amazon,Dispatch, United States,Nov-19,0,saas,
752,Amazon,OurHouse.com, United States,Dec-19,0,commerce,
,,,,,,,